"filebasename","normalized_bias","placeholder"
"20220518_y200_d5mi10s_000_D3D_3DALIGN_predictc000_predict.tif",0.400578773254665,"x"
"20220518_y200_d5mi10s_000_D3D_3DALIGN_predictc000_predict.tif",0.463199987068235,"x"
"20220518_y200_d5mi10s_000_D3D_3DALIGN_predictc002_predict.tif",0.136652631018759,"x"
"20220518_y200_d5mi10s_000_D3D_3DALIGN_predictc002_predict.tif",0.601533606363074,"x"
"20220518_y200_d5mi10s_000_D3D_3DALIGN_predictc005_predict.tif",0.5291210985999,"x"
"20220518_y200_d5mi10s_000_D3D_3DALIGN_predictc005_predict.tif",0.0632288707530643,"x"
"20220518_y200_d5mi10s_000_D3D_3DALIGN_predictc005_predict.tif",0.415944878455565,"x"
"20220518_y200_d5mi10s_000_D3D_3DALIGN_predictc005_predict.tif",0.0461257806518576,"x"
"20220518_y200_d5mi10s_000_D3D_3DALIGN_predictc005_predict.tif",0.166999618379976,"x"
"20220518_y200_d5mi10s_000_D3D_3DALIGN_predictc005_predict.tif",0.773759238905365,"x"
"20220518_y200_d5mi10s_000_D3D_3DALIGN_predictc005_predict.tif",0.962456445148055,"x"
"20220518_y200_d5mi10s_000_D3D_3DALIGN_predictc005_predict.tif",0.214070903235721,"x"
"20220518_y200_d5mi10s_000_D3D_3DALIGN_predictc005_predict.tif",0.0986467359611469,"x"
"20220518_y200_d5mi10s_000_D3D_3DALIGN_predictc006_predict.tif",0.337774639554817,"x"
"20220518_y200_d5mi10s_000_D3D_3DALIGN_predictc006_predict.tif",0.945347218241534,"x"
"20220518_y200_d5mi10s_000_D3D_3DALIGN_predictc008_predict.tif",0.729737820495808,"x"
"20220518_y200_d5mi10s_000_D3D_3DALIGN_predictc008_predict.tif",0.402555089460432,"x"
"20220518_y200_d5mi10s_000_D3D_3DALIGN_predictc008_predict.tif",0.679627345824799,"x"
"20220518_y200_d5mi10s_000_D3D_3DALIGN_predictc008_predict.tif",0.100995139796986,"x"
"20220518_y200_d5mi10s_000_D3D_3DALIGN_predictc008_predict.tif",0,"x"
"20220518_y200_d5mi10s_000_D3D_3DALIGN_predictc008_predict.tif",0.463152349622923,"x"
"20220518_y200_d5mi10s_000_D3D_3DALIGN_predictc008_predict.tif",0.165272263914046,"x"
"20220518_y200_d5mi10s_000_D3D_3DALIGN_predictc008_predict.tif",0.611289006717984,"x"
"20220518_y200_d5mi10s_000_D3D_3DALIGN_predictc014_predict.tif",0.276459921754065,"x"
"20220518_y200_d5mi10s_000_D3D_3DALIGN_predictc014_predict.tif",0.261851517500191,"x"
"20220518_y200_d5mi10s_000_D3D_3DALIGN_predictc014_predict.tif",0.905694164014544,"x"
"20220518_y200_d5mi10s_001_D3D_3DALIGN_predictc000_predict.tif",0.0552389139427594,"x"
"20220518_y200_d5mi10s_001_D3D_3DALIGN_predictc000_predict.tif",0.0762355019439089,"x"
"20220518_y200_d5mi10s_001_D3D_3DALIGN_predictc000_predict.tif",0.0597569525920008,"x"
"20220518_y200_d5mi10s_001_D3D_3DALIGN_predictc005_predict.tif",0.926201670234804,"x"
"20220518_y200_d5mi10s_001_D3D_3DALIGN_predictc005_predict.tif",0.818099827000045,"x"
"20220518_y200_d5mi10s_001_D3D_3DALIGN_predictc005_predict.tif",0.886307864459145,"x"
"20220518_y200_d5mi10s_001_D3D_3DALIGN_predictc005_predict.tif",0.914324191317758,"x"
"20220518_y200_d5mi10s_001_D3D_3DALIGN_predictc005_predict.tif",0.176024604056512,"x"
"20220518_y200_d5mi10s_001_D3D_3DALIGN_predictc007_predict.tif",0.612715303817833,"x"
"20220518_y200_d5mi10s_001_D3D_3DALIGN_predictc007_predict.tif",0.412690721313889,"x"
"20220518_y200_d5mi10s_001_D3D_3DALIGN_predictc007_predict.tif",0,"x"
"20220518_y200_d5mi10s_001_D3D_3DALIGN_predictc007_predict.tif",0.670575631094713,"x"
"20220518_y200_d5mi10s_001_D3D_3DALIGN_predictc007_predict.tif",0,"x"
"20220518_y200_d5mi10s_001_D3D_3DALIGN_predictc007_predict.tif",1,"x"
"20220518_y200_d5mi10s_001_D3D_3DALIGN_predictc009_predict.tif",0.783002610152489,"x"
"20220518_y200_d5mi10s_001_D3D_3DALIGN_predictc009_predict.tif",0.838431185219134,"x"
"20220518_y200_d5mi10s_001_D3D_3DALIGN_predictc009_predict.tif",0.945596039683092,"x"
"20220518_y200_d5mi10s_001_D3D_3DALIGN_predictc009_predict.tif",0.892352641034027,"x"
"20220518_y200_d5mi10s_002_D3D_3DALIGN_predictc002_predict.tif",0.15535111455547,"x"
"20220518_y200_d5mi10s_002_D3D_3DALIGN_predictc004_predict.tif",0,"x"
"20220518_y200_d5mi10s_002_D3D_3DALIGN_predictc004_predict.tif",0.325779054886036,"x"
"20220518_y200_d5mi10s_002_D3D_3DALIGN_predictc004_predict.tif",0.284165287083042,"x"
"20220518_y200_d5mi10s_002_D3D_3DALIGN_predictc004_predict.tif",0,"x"
"20220518_y200_d5mi10s_002_D3D_3DALIGN_predictc004_predict.tif",0.533214341591207,"x"
"20220518_y200_d5mi10s_002_D3D_3DALIGN_predictc004_predict.tif",0.420419000992252,"x"
"20220518_y200_d5mi10s_002_D3D_3DALIGN_predictc005_predict.tif",0.531642308719977,"x"
"20220518_y200_d5mi10s_002_D3D_3DALIGN_predictc005_predict.tif",0.485948397971998,"x"
"20220518_y200_d5mi10s_002_D3D_3DALIGN_predictc005_predict.tif",0.162523464190596,"x"
"20220518_y200_d5mi10s_002_D3D_3DALIGN_predictc005_predict.tif",0.768872105091491,"x"
"20220518_y200_d5mi10s_002_D3D_3DALIGN_predictc006_predict.tif",0.538198110804871,"x"
"20220518_y200_d5mi10s_002_D3D_3DALIGN_predictc006_predict.tif",0.27199385565015,"x"
"20220518_y200_d5mi10s_002_D3D_3DALIGN_predictc007_predict.tif",0.32927754231224,"x"
"20220518_y200_d5mi10s_002_D3D_3DALIGN_predictc007_predict.tif",0.616535194437788,"x"
"20220518_y200_d5mi10s_002_D3D_3DALIGN_predictc007_predict.tif",0.44051417503558,"x"
"20220518_y200_d5mi10s_002_D3D_3DALIGN_predictc007_predict.tif",0.286802907026988,"x"
"20220518_y200_d5mi10s_002_D3D_3DALIGN_predictc007_predict.tif",0.174056401856201,"x"
"20220518_y200_d5mi10s_002_D3D_3DALIGN_predictc009_predict.tif",0.487366637287742,"x"
"20220518_y200_d5mi10s_002_D3D_3DALIGN_predictc013_predict.tif",0.829791119561185,"x"
"20220518_y200_d5mi10s_002_D3D_3DALIGN_predictc014_predict.tif",0.316892560369532,"x"
"20220518_y200_d5mi10s_002_D3D_3DALIGN_predictc015_predict.tif",0.755781486022601,"x"
"20220518_y200_d5mi10s_002_D3D_3DALIGN_predictc015_predict.tif",0.0821742243051479,"x"
"20220518_y200_d5mi10s_002_D3D_3DALIGN_predictc015_predict.tif",0.146561821729341,"x"
"20220518_y200_d5mi10s_003_D3D_3DALIGN_predictc001_predict.tif",0.583395887171213,"x"
"20220518_y200_d5mi10s_003_D3D_3DALIGN_predictc001_predict.tif",0.3463542764109,"x"
"20220518_y200_d5mi10s_003_D3D_3DALIGN_predictc001_predict.tif",0.492205260681044,"x"
"20220518_y200_d5mi10s_003_D3D_3DALIGN_predictc001_predict.tif",1,"x"
"20220518_y200_d5mi10s_003_D3D_3DALIGN_predictc005_predict.tif",0.957677208309798,"x"
"20220518_y200_d5mi10s_003_D3D_3DALIGN_predictc005_predict.tif",0.609834270131062,"x"
"20220518_y200_d5mi10s_003_D3D_3DALIGN_predictc005_predict.tif",0.440665237329234,"x"
"20220518_y200_d5mi10s_003_D3D_3DALIGN_predictc005_predict.tif",0.62581995773384,"x"
"20220518_y200_d5mi10s_003_D3D_3DALIGN_predictc005_predict.tif",0.52245168812281,"x"
"20220518_y200_d5mi10s_003_D3D_3DALIGN_predictc006_predict.tif",0.91080083909927,"x"
"20220518_y200_d5mi10s_003_D3D_3DALIGN_predictc006_predict.tif",0.876330825128864,"x"
"20220518_y200_d5mi10s_003_D3D_3DALIGN_predictc006_predict.tif",0.134768663421762,"x"
"20220518_y200_d5mi10s_003_D3D_3DALIGN_predictc006_predict.tif",1,"x"
"20220518_y200_d5mi10s_003_D3D_3DALIGN_predictc006_predict.tif",0,"x"
"20220518_y200_d5mi10s_004_D3D_3DALIGN_predictc000_predict.tif",0.224552641739917,"x"
"20220518_y200_d5mi10s_004_D3D_3DALIGN_predictc000_predict.tif",0.854346908739888,"x"
"20220518_y200_d5mi10s_004_D3D_3DALIGN_predictc000_predict.tif",0.819291926594178,"x"
"20220518_y200_d5mi10s_004_D3D_3DALIGN_predictc000_predict.tif",0.824082121763331,"x"
"20220518_y200_d5mi10s_004_D3D_3DALIGN_predictc000_predict.tif",0.100797299588872,"x"
"20220518_y200_d5mi10s_004_D3D_3DALIGN_predictc002_predict.tif",0.378821289243339,"x"
"20220518_y200_d5mi10s_004_D3D_3DALIGN_predictc002_predict.tif",0.670896287359158,"x"
"20220518_y200_d5mi10s_004_D3D_3DALIGN_predictc002_predict.tif",0.392813916829555,"x"
"20220518_y200_d5mi10s_004_D3D_3DALIGN_predictc002_predict.tif",0.270870835919665,"x"
"20220518_y200_d5mi10s_004_D3D_3DALIGN_predictc002_predict.tif",0.211689869777614,"x"
"20220518_y200_d5mi10s_004_D3D_3DALIGN_predictc002_predict.tif",0.19827777152653,"x"
"20220518_y200_d5mi10s_004_D3D_3DALIGN_predictc002_predict.tif",0.125660505231518,"x"
"20220518_y200_d5mi10s_004_D3D_3DALIGN_predictc003_predict.tif",0.232373233445008,"x"
"20220518_y200_d5mi10s_004_D3D_3DALIGN_predictc003_predict.tif",0.318053558189274,"x"
"20220518_y200_d5mi10s_004_D3D_3DALIGN_predictc003_predict.tif",0.742460106590297,"x"
"20220518_y200_d5mi10s_004_D3D_3DALIGN_predictc003_predict.tif",0.631344450793693,"x"
"20220518_y200_d5mi10s_004_D3D_3DALIGN_predictc003_predict.tif",0.743231293238693,"x"
"20220518_y200_d5mi10s_004_D3D_3DALIGN_predictc003_predict.tif",0.247941488814465,"x"
"20220518_y200_d5mi10s_004_D3D_3DALIGN_predictc003_predict.tif",0.780211311972202,"x"
"20220518_y200_d5mi10s_004_D3D_3DALIGN_predictc003_predict.tif",0.897448682355321,"x"
"20220518_y200_d5mi10s_004_D3D_3DALIGN_predictc004_predict.tif",0.737018116959263,"x"
"20220518_y200_d5mi10s_004_D3D_3DALIGN_predictc004_predict.tif",0.186300132688888,"x"
"20220518_y200_d5mi10s_004_D3D_3DALIGN_predictc004_predict.tif",0.763023398289392,"x"
"20220518_y200_d5mi10s_004_D3D_3DALIGN_predictc004_predict.tif",0.0453519940376655,"x"
"20220518_y200_d5mi10s_004_D3D_3DALIGN_predictc004_predict.tif",0.191464859502436,"x"
"20220518_y200_d5mi10s_004_D3D_3DALIGN_predictc004_predict.tif",0.086857233362706,"x"
"20220518_y200_d5mi10s_004_D3D_3DALIGN_predictc006_predict.tif",0,"x"
"20220518_y200_d5mi10s_004_D3D_3DALIGN_predictc006_predict.tif",0.564359127667285,"x"
"20220518_y200_d5mi10s_004_D3D_3DALIGN_predictc006_predict.tif",0.703383791709167,"x"
"20220518_y200_d5mi10s_004_D3D_3DALIGN_predictc006_predict.tif",0,"x"
"20220518_y200_d5mi10s_004_D3D_3DALIGN_predictc007_predict.tif",0.503188418445406,"x"
"20220518_y200_d5mi10s_004_D3D_3DALIGN_predictc011_predict.tif",0.0267978756340159,"x"
"20220518_y200_d5mi10s_004_D3D_3DALIGN_predictc011_predict.tif",0.887057121866289,"x"
"20220518_y200_d5mi10s_004_D3D_3DALIGN_predictc011_predict.tif",0.714065071465793,"x"
"20220518_y200_d5mi10s_004_D3D_3DALIGN_predictc011_predict.tif",0.447591758616208,"x"
"20220518_y200_d5mi10s_005_D3D_3DALIGN_predictc001_predict.tif",0.67596545693997,"x"
"20220518_y200_d5mi10s_005_D3D_3DALIGN_predictc001_predict.tif",0.822759521639658,"x"
"20220518_y200_d5mi10s_005_D3D_3DALIGN_predictc001_predict.tif",0.193294992258709,"x"
"20220518_y200_d5mi10s_005_D3D_3DALIGN_predictc001_predict.tif",0.983436082115506,"x"
"20220518_y200_d5mi10s_005_D3D_3DALIGN_predictc005_predict.tif",0.141407848549797,"x"
"20220518_y200_d5mi10s_005_D3D_3DALIGN_predictc005_predict.tif",0.332513044119582,"x"
"20220518_y200_d5mi10s_005_D3D_3DALIGN_predictc007_predict.tif",0.514946293007408,"x"
"20220518_y200_d5mi10s_005_D3D_3DALIGN_predictc007_predict.tif",0.557986375977015,"x"
"20220518_y200_d5mi10s_005_D3D_3DALIGN_predictc007_predict.tif",0.575372647947592,"x"
"20220518_y200_d5mi10s_005_D3D_3DALIGN_predictc008_predict.tif",0.628048763584698,"x"
"20220518_y200_d5mi10s_006_D3D_3DALIGN_predictc005_predict.tif",0.35439693720119,"x"
"20220518_y200_d5mi10s_006_D3D_3DALIGN_predictc005_predict.tif",0.224352590452468,"x"
"20220518_y200_d5mi10s_006_D3D_3DALIGN_predictc008_predict.tif",0.534757541089283,"x"
"20220518_y200_d5mi10s_006_D3D_3DALIGN_predictc010_predict.tif",0.0675986645419514,"x"
"20220518_y200_d5mi10s_006_D3D_3DALIGN_predictc010_predict.tif",0.378115514867481,"x"
"20220518_y200_d5mi10s_006_D3D_3DALIGN_predictc010_predict.tif",0.991028435047578,"x"
"20220518_y200_d5mi10s_006_D3D_3DALIGN_predictc013_predict.tif",0.383682412034771,"x"
"20220518_y200_d5mi10s_006_D3D_3DALIGN_predictc013_predict.tif",0.153988736322864,"x"
"20220518_y200_d5mi10s_006_D3D_3DALIGN_predictc019_predict.tif",0.634701410165903,"x"
"20220518_y200_d5mi10s_006_D3D_3DALIGN_predictc019_predict.tif",0.763611224823242,"x"
"20220518_y200_d5mi10s_007_D3D_3DALIGN_predictc005_predict.tif",0.338084849895172,"x"
"20220518_y200_d5mi10s_007_D3D_3DALIGN_predictc005_predict.tif",0.307356513046564,"x"
"20220518_y200_d5mi10s_007_D3D_3DALIGN_predictc007_predict.tif",1,"x"
"20220518_y200_d5mi10s_007_D3D_3DALIGN_predictc007_predict.tif",0.196742779683883,"x"
"20220518_y200_d5mi10s_007_D3D_3DALIGN_predictc007_predict.tif",0.467711274473075,"x"
"20220518_y200_d5mi10s_007_D3D_3DALIGN_predictc007_predict.tif",0.513117486161159,"x"
"20220518_y200_d5mi10s_007_D3D_3DALIGN_predictc007_predict.tif",0.748029090966645,"x"
"20220518_y200_d5mi10s_007_D3D_3DALIGN_predictc007_predict.tif",0.545233029661258,"x"
"20220518_y200_d5mi10s_007_D3D_3DALIGN_predictc007_predict.tif",0.883422313837538,"x"
"20220518_y200_d5mi10s_007_D3D_3DALIGN_predictc017_predict.tif",0.165719671300424,"x"
"20220518_y200_d5mi10s_007_D3D_3DALIGN_predictc017_predict.tif",0.0917833402639414,"x"
"20220518_y200_d5mi10s_007_D3D_3DALIGN_predictc017_predict.tif",0.800722730082465,"x"
"20220518_y200_d5mi10s_007_D3D_3DALIGN_predictc017_predict.tif",0.775343360122416,"x"
"20220518_y200_d5mi10s_008_D3D_3DALIGN_predictc000_predict.tif",0.498691231409789,"x"
"20220518_y200_d5mi10s_008_D3D_3DALIGN_predictc000_predict.tif",0.936629584666159,"x"
"20220518_y200_d5mi10s_008_D3D_3DALIGN_predictc000_predict.tif",0.598736126465203,"x"
"20220518_y200_d5mi10s_008_D3D_3DALIGN_predictc000_predict.tif",0.665168183367135,"x"
"20220518_y200_d5mi10s_008_D3D_3DALIGN_predictc001_predict.tif",0.684124114164266,"x"
"20220518_y200_d5mi10s_008_D3D_3DALIGN_predictc001_predict.tif",0.62333632509861,"x"
"20220518_y200_d5mi10s_008_D3D_3DALIGN_predictc001_predict.tif",0.620536843952669,"x"
"20220518_y200_d5mi10s_008_D3D_3DALIGN_predictc003_predict.tif",0.352189559903864,"x"
"20220518_y200_d5mi10s_008_D3D_3DALIGN_predictc003_predict.tif",0.759116458297494,"x"
"20220518_y200_d5mi10s_008_D3D_3DALIGN_predictc003_predict.tif",0.752166077345946,"x"
"20220518_y200_d5mi10s_008_D3D_3DALIGN_predictc003_predict.tif",0.865770036651235,"x"
"20220518_y200_d5mi10s_008_D3D_3DALIGN_predictc005_predict.tif",0.532732039271721,"x"
"20220518_y200_d5mi10s_008_D3D_3DALIGN_predictc005_predict.tif",0.502725541732089,"x"
"20220518_y200_d5mi10s_008_D3D_3DALIGN_predictc008_predict.tif",0.729300050410156,"x"
"20220518_y200_d5mi10s_008_D3D_3DALIGN_predictc008_predict.tif",0.500000000000001,"x"
"20220518_y200_d5mi10s_008_D3D_3DALIGN_predictc008_predict.tif",0.765544466385379,"x"
"20220518_y200_d5mi10s_008_D3D_3DALIGN_predictc008_predict.tif",0.878440665796131,"x"
"20220518_y200_d5mi10s_008_D3D_3DALIGN_predictc008_predict.tif",0.90103726726621,"x"
"20220518_y200_d5mi10s_008_D3D_3DALIGN_predictc008_predict.tif",0.363412449241099,"x"
"20220518_y200_d5mi10s_008_D3D_3DALIGN_predictc008_predict.tif",0.708926663155691,"x"
"20220518_y200_d5mi10s_008_D3D_3DALIGN_predictc011_predict.tif",0.873916723984689,"x"
"20220518_y200_d5mi10s_008_D3D_3DALIGN_predictc011_predict.tif",0.430421910158528,"x"
"20220518_y200_d5mi10s_008_D3D_3DALIGN_predictc011_predict.tif",0.396873537441103,"x"
"20220518_y200_d5mi10s_008_D3D_3DALIGN_predictc011_predict.tif",0.0103818845506726,"x"
"20220518_y200_d5mi10s_008_D3D_3DALIGN_predictc011_predict.tif",0.456544113808061,"x"
"20220518_y200_d5mi10s_009_D3D_3DALIGN_predictc001_predict.tif",0,"x"
"20220518_y200_d5mi10s_009_D3D_3DALIGN_predictc001_predict.tif",0.411171051141087,"x"
"20220518_y200_d5mi10s_009_D3D_3DALIGN_predictc001_predict.tif",0.713178619888697,"x"
"20220518_y200_d5mi10s_009_D3D_3DALIGN_predictc001_predict.tif",0.238426192508085,"x"
"20220518_y200_d5mi10s_009_D3D_3DALIGN_predictc001_predict.tif",0.830114848772521,"x"
"20220518_y200_d5mi10s_009_D3D_3DALIGN_predictc002_predict.tif",0.588779008027221,"x"
"20220518_y200_d5mi10s_009_D3D_3DALIGN_predictc002_predict.tif",0.113039419163471,"x"
"20220518_y200_d5mi10s_009_D3D_3DALIGN_predictc002_predict.tif",0.450843245276886,"x"
"20220518_y200_d5mi10s_009_D3D_3DALIGN_predictc002_predict.tif",0.631516209221577,"x"
"20220518_y200_d5mi10s_009_D3D_3DALIGN_predictc004_predict.tif",1,"x"
"20220526_y200_d5mi10s_000_D3D_3DALIGN_predictc001_predict.tif",0.780763101959428,"x"
"20220526_y200_d5mi10s_000_D3D_3DALIGN_predictc001_predict.tif",0.121666761798082,"x"
"20220526_y200_d5mi10s_000_D3D_3DALIGN_predictc001_predict.tif",0.731985173054915,"x"
"20220526_y200_d5mi10s_000_D3D_3DALIGN_predictc005_predict.tif",0.920955933359397,"x"
"20220526_y200_d5mi10s_000_D3D_3DALIGN_predictc005_predict.tif",0.929094562214416,"x"
"20220526_y200_d5mi10s_000_D3D_3DALIGN_predictc005_predict.tif",0.653181617048682,"x"
"20220526_y200_d5mi10s_000_D3D_3DALIGN_predictc008_predict.tif",1,"x"
"20220526_y200_d5mi10s_000_D3D_3DALIGN_predictc009_predict.tif",1,"x"
"20220526_y200_d5mi10s_000_D3D_3DALIGN_predictc009_predict.tif",0.680162318186466,"x"
"20220526_y200_d5mi10s_000_D3D_3DALIGN_predictc009_predict.tif",0.132216521365829,"x"
"20220526_y200_d5mi10s_000_D3D_3DALIGN_predictc009_predict.tif",0.774702758472458,"x"
"20220526_y200_d5mi10s_000_D3D_3DALIGN_predictc009_predict.tif",0,"x"
"20220526_y200_d5mi10s_000_D3D_3DALIGN_predictc009_predict.tif",0.765836303691022,"x"
"20220526_y200_d5mi10s_000_D3D_3DALIGN_predictc009_predict.tif",0.364046166282291,"x"
"20220526_y200_d5mi10s_000_D3D_3DALIGN_predictc010_predict.tif",0.51126019404212,"x"
"20220526_y200_d5mi10s_000_D3D_3DALIGN_predictc011_predict.tif",1,"x"
"20220526_y200_d5mi10s_000_D3D_3DALIGN_predictc011_predict.tif",0.370010735811475,"x"
"20220526_y200_d5mi10s_000_D3D_3DALIGN_predictc011_predict.tif",0.587328636922216,"x"
"20220526_y200_d5mi10s_000_D3D_3DALIGN_predictc013_predict.tif",0.282842067524947,"x"
"20220526_y200_d5mi10s_000_D3D_3DALIGN_predictc013_predict.tif",0.166080102574328,"x"
"20220526_y200_d5mi10s_000_D3D_3DALIGN_predictc013_predict.tif",0.128978700638891,"x"
"20220526_y200_d5mi10s_000_D3D_3DALIGN_predictc013_predict.tif",0.327975127859527,"x"
"20220526_y200_d5mi10s_000_D3D_3DALIGN_predictc013_predict.tif",0.0475369481638907,"x"
"20220526_y200_d5mi10s_001_D3D_3DALIGN_predictc000_predict.tif",0.671967351088867,"x"
"20220526_y200_d5mi10s_001_D3D_3DALIGN_predictc000_predict.tif",0.393772755958546,"x"
"20220526_y200_d5mi10s_001_D3D_3DALIGN_predictc000_predict.tif",0.471685808128754,"x"
"20220526_y200_d5mi10s_001_D3D_3DALIGN_predictc000_predict.tif",0.54263091756234,"x"
"20220526_y200_d5mi10s_001_D3D_3DALIGN_predictc000_predict.tif",1,"x"
"20220526_y200_d5mi10s_001_D3D_3DALIGN_predictc000_predict.tif",0,"x"
"20220526_y200_d5mi10s_001_D3D_3DALIGN_predictc002_predict.tif",0.544545672476632,"x"
"20220526_y200_d5mi10s_001_D3D_3DALIGN_predictc002_predict.tif",0.501334929318293,"x"
"20220526_y200_d5mi10s_001_D3D_3DALIGN_predictc002_predict.tif",0.557240874399795,"x"
"20220526_y200_d5mi10s_001_D3D_3DALIGN_predictc003_predict.tif",0.198808739874659,"x"
"20220526_y200_d5mi10s_001_D3D_3DALIGN_predictc003_predict.tif",0.94077130869169,"x"
"20220526_y200_d5mi10s_001_D3D_3DALIGN_predictc003_predict.tif",0.546782934438967,"x"
"20220526_y200_d5mi10s_001_D3D_3DALIGN_predictc003_predict.tif",0.293345616216064,"x"
"20220526_y200_d5mi10s_001_D3D_3DALIGN_predictc004_predict.tif",0.244666639916016,"x"
"20220526_y200_d5mi10s_001_D3D_3DALIGN_predictc004_predict.tif",0.690172909377168,"x"
"20220526_y200_d5mi10s_002_D3D_3DALIGN_predictc003_predict.tif",0.0275138251505648,"x"
"20220526_y200_d5mi10s_002_D3D_3DALIGN_predictc009_predict.tif",0.451491674515962,"x"
"20220526_y200_d5mi10s_003_D3D_3DALIGN_predictc001_predict.tif",0,"x"
"20220526_y200_d5mi10s_003_D3D_3DALIGN_predictc001_predict.tif",0.405519398846157,"x"
"20220526_y200_d5mi10s_003_D3D_3DALIGN_predictc001_predict.tif",0,"x"
"20220526_y200_d5mi10s_003_D3D_3DALIGN_predictc001_predict.tif",0.546082310527462,"x"
"20220526_y200_d5mi10s_003_D3D_3DALIGN_predictc001_predict.tif",1,"x"
"20220526_y200_d5mi10s_003_D3D_3DALIGN_predictc004_predict.tif",0.348861329692254,"x"
"20220526_y200_d5mi10s_003_D3D_3DALIGN_predictc004_predict.tif",0.076619762618222,"x"
"20220526_y200_d5mi10s_003_D3D_3DALIGN_predictc007_predict.tif",0.577876652994487,"x"
"20220526_y200_d5mi10s_003_D3D_3DALIGN_predictc007_predict.tif",0.371971038337656,"x"
"20220526_y200_d5mi10s_003_D3D_3DALIGN_predictc007_predict.tif",0.332482975410391,"x"
"20220526_y200_d5mi10s_003_D3D_3DALIGN_predictc008_predict.tif",0.10022877498264,"x"
"20220526_y200_d5mi10s_003_D3D_3DALIGN_predictc008_predict.tif",0.105564241917671,"x"
"20220526_y200_d5mi10s_003_D3D_3DALIGN_predictc009_predict.tif",0.424300376944134,"x"
"20220526_y200_d5mi10s_003_D3D_3DALIGN_predictc009_predict.tif",0.412894256858682,"x"
"20220526_y200_d5mi10s_004_D3D_3DALIGN_predictc000_predict.tif",0.874667133089483,"x"
"20220526_y200_d5mi10s_004_D3D_3DALIGN_predictc000_predict.tif",0.899121712525444,"x"
"20220526_y200_d5mi10s_004_D3D_3DALIGN_predictc000_predict.tif",0.57053527480325,"x"
"20220526_y200_d5mi10s_004_D3D_3DALIGN_predictc001_predict.tif",0.559601547037625,"x"
"20220526_y200_d5mi10s_004_D3D_3DALIGN_predictc001_predict.tif",0.889448786768071,"x"
"20220526_y200_d5mi10s_004_D3D_3DALIGN_predictc001_predict.tif",0.141723034207034,"x"
"20220526_y200_d5mi10s_004_D3D_3DALIGN_predictc001_predict.tif",0.527628149683641,"x"
"20220526_y200_d5mi10s_004_D3D_3DALIGN_predictc002_predict.tif",0.600814695980467,"x"
"20220526_y200_d5mi10s_004_D3D_3DALIGN_predictc002_predict.tif",0.602614223446099,"x"
"20220526_y200_d5mi10s_004_D3D_3DALIGN_predictc002_predict.tif",0.154050668366517,"x"
"20220526_y200_d5mi10s_004_D3D_3DALIGN_predictc002_predict.tif",0.79467436919108,"x"
"20220526_y200_d5mi10s_004_D3D_3DALIGN_predictc002_predict.tif",0.676990086754184,"x"
"20220526_y200_d5mi10s_005_D3D_3DALIGN_predictc001_predict.tif",0.968596028450589,"x"
"20220526_y200_d5mi10s_005_D3D_3DALIGN_predictc001_predict.tif",0.81008423991322,"x"
"20220526_y200_d5mi10s_005_D3D_3DALIGN_predictc001_predict.tif",0.098809871397146,"x"
"20220526_y200_d5mi10s_005_D3D_3DALIGN_predictc001_predict.tif",0.136022242987288,"x"
"20220526_y200_d5mi10s_005_D3D_3DALIGN_predictc003_predict.tif",0.718721480558786,"x"
"20220526_y200_d5mi10s_006_D3D_3DALIGN_predictc000_predict.tif",0.156965952267937,"x"
"20220526_y200_d5mi10s_006_D3D_3DALIGN_predictc000_predict.tif",0.452894848032623,"x"
"20220526_y200_d5mi10s_006_D3D_3DALIGN_predictc000_predict.tif",0.382392116581707,"x"
"20220526_y200_d5mi10s_006_D3D_3DALIGN_predictc000_predict.tif",0.261378284569196,"x"
"20220526_y200_d5mi10s_006_D3D_3DALIGN_predictc000_predict.tif",0.988517017789694,"x"
"20220526_y200_d5mi10s_006_D3D_3DALIGN_predictc000_predict.tif",0.532744070486352,"x"
"20220526_y200_d5mi10s_006_D3D_3DALIGN_predictc000_predict.tif",0,"x"
"20220526_y200_d5mi10s_006_D3D_3DALIGN_predictc001_predict.tif",0.226409137254401,"x"
"20220526_y200_d5mi10s_006_D3D_3DALIGN_predictc001_predict.tif",0,"x"
"20220526_y200_d5mi10s_006_D3D_3DALIGN_predictc001_predict.tif",0.626508943950457,"x"
"20220526_y200_d5mi10s_006_D3D_3DALIGN_predictc010_predict.tif",0.939851339668006,"x"
"20220526_y200_d5mi10s_006_D3D_3DALIGN_predictc010_predict.tif",0.368266382875503,"x"
"20220526_y200_d5mi10s_006_D3D_3DALIGN_predictc010_predict.tif",0.201620901270019,"x"
"20220526_y200_d5mi10s_006_D3D_3DALIGN_predictc010_predict.tif",0.672334660880232,"x"
"20220526_y200_d5mi10s_006_D3D_3DALIGN_predictc012_predict.tif",0.592990496994813,"x"
"20220526_y200_d5mi10s_007_D3D_3DALIGN_predictc002_predict.tif",0.616389404037858,"x"
"20220526_y200_d5mi10s_007_D3D_3DALIGN_predictc002_predict.tif",0.772139393215864,"x"
"20220526_y200_d5mi10s_007_D3D_3DALIGN_predictc002_predict.tif",0.489155994734095,"x"
"20220526_y200_d5mi10s_007_D3D_3DALIGN_predictc003_predict.tif",0.718285309220446,"x"
"20220526_y200_d5mi10s_007_D3D_3DALIGN_predictc003_predict.tif",0.684650576034262,"x"
"20220526_y200_d5mi10s_007_D3D_3DALIGN_predictc003_predict.tif",0.623263580940165,"x"
"20220526_y200_d5mi10s_007_D3D_3DALIGN_predictc003_predict.tif",0.532216879296759,"x"
"20220526_y200_d5mi10s_007_D3D_3DALIGN_predictc003_predict.tif",0.295354627192674,"x"
"20220526_y200_d5mi10s_007_D3D_3DALIGN_predictc003_predict.tif",0.408184202159493,"x"
"20220526_y200_d5mi10s_007_D3D_3DALIGN_predictc003_predict.tif",0.30696879551894,"x"
"20220526_y200_d5mi10s_007_D3D_3DALIGN_predictc008_predict.tif",0.409143105283948,"x"
"20220526_y200_d5mi10s_007_D3D_3DALIGN_predictc009_predict.tif",0.62108504303239,"x"
"20220526_y200_d5mi10s_007_D3D_3DALIGN_predictc010_predict.tif",0.162436633891779,"x"
"20220526_y200_d5mi10s_007_D3D_3DALIGN_predictc010_predict.tif",0.127241152379741,"x"
"20220526_y200_d5mi10s_007_D3D_3DALIGN_predictc011_predict.tif",0.858870254605326,"x"
"20220526_y200_d5mi10s_007_D3D_3DALIGN_predictc011_predict.tif",0.793318071270105,"x"
"20220526_y200_d5mi10s_009_D3D_3DALIGN_predictc009_predict.tif",0.711038946567374,"x"
"20220526_y200_d5mi10s_009_D3D_3DALIGN_predictc015_predict.tif",0.364854146935304,"x"
"20220526_y200_d5mi10s_009_D3D_3DALIGN_predictc015_predict.tif",0.380253023839823,"x"
"20220526_y200_d5mi10s_010_D3D_3DALIGN_predictc003_predict.tif",0.631027874478862,"x"
"20220526_y200_d5mi10s_010_D3D_3DALIGN_predictc005_predict.tif",1,"x"
"20220526_y200_d5mi10s_010_D3D_3DALIGN_predictc005_predict.tif",0.758143497307601,"x"
"20220526_y200_d5mi10s_010_D3D_3DALIGN_predictc005_predict.tif",0.966151024925314,"x"
"20220526_y200_d5mi10s_010_D3D_3DALIGN_predictc005_predict.tif",0.103272511759728,"x"
"20220526_y200_d5mi10s_010_D3D_3DALIGN_predictc005_predict.tif",0.287414121487958,"x"
"20220526_y200_d5mi10s_010_D3D_3DALIGN_predictc005_predict.tif",0.267434723515415,"x"
"20220526_y200_d5mi10s_010_D3D_3DALIGN_predictc008_predict.tif",0.588238446815022,"x"
"20220526_y200_d5mi10s_010_D3D_3DALIGN_predictc008_predict.tif",0.322413966746565,"x"
"20220526_y200_d5mi10s_010_D3D_3DALIGN_predictc008_predict.tif",0.285879872304541,"x"
"20220526_y200_d5mi10s_010_D3D_3DALIGN_predictc008_predict.tif",0,"x"
"20220526_y200_d5mi10s_010_D3D_3DALIGN_predictc008_predict.tif",0.243877717723083,"x"
"20220526_y200_d5mi10s_010_D3D_3DALIGN_predictc008_predict.tif",0.779172705465072,"x"
"20220526_y200_d5mi10s_010_D3D_3DALIGN_predictc008_predict.tif",0.604800966504112,"x"
"20220526_y200_d5mi10s_010_D3D_3DALIGN_predictc012_predict.tif",0.139222366177389,"x"
"20220526_y200_d5mi10s_010_D3D_3DALIGN_predictc012_predict.tif",0.27004703768463,"x"
"20220526_y200_d5mi10s_010_D3D_3DALIGN_predictc013_predict.tif",0.162955580424576,"x"
"20220526_y200_d5mi10s_010_D3D_3DALIGN_predictc013_predict.tif",0.250579347180683,"x"
"20220526_y200_d5mi10s_010_D3D_3DALIGN_predictc013_predict.tif",0.159886134772442,"x"
"20220526_y200_d5mi10s_010_D3D_3DALIGN_predictc013_predict.tif",0.246199974783506,"x"
"20220526_y200_d5mi10s_011_D3D_3DALIGN_predictc004_predict.tif",0.727914580739889,"x"
"20220526_y200_d5mi10s_011_D3D_3DALIGN_predictc004_predict.tif",0,"x"
"20220526_y200_d5mi10s_011_D3D_3DALIGN_predictc006_predict.tif",0.403131297631303,"x"
"20220526_y200_d5mi10s_011_D3D_3DALIGN_predictc006_predict.tif",0.64616471105246,"x"
"20220526_y200_d5mi10s_011_D3D_3DALIGN_predictc008_predict.tif",0.222407837218128,"x"
"20220526_y200_d5mi10s_011_D3D_3DALIGN_predictc009_predict.tif",0.805053512716431,"x"
"20220526_y200_d5mi10s_011_D3D_3DALIGN_predictc009_predict.tif",0.480361165843402,"x"
"20220526_y200_d5mi10s_011_D3D_3DALIGN_predictc009_predict.tif",0.701474221836797,"x"
"20220526_y200_d5mi10s_011_D3D_3DALIGN_predictc010_predict.tif",0.485568932811319,"x"
"20220526_y200_d5mi10s_011_D3D_3DALIGN_predictc010_predict.tif",0.513088248458635,"x"
"20220526_y200_d5mi10s_011_D3D_3DALIGN_predictc010_predict.tif",0.0669261017087203,"x"
"20220526_y200_d5mi10s_011_D3D_3DALIGN_predictc010_predict.tif",0.848507510554049,"x"
"20220526_y200_d5mi10s_011_D3D_3DALIGN_predictc010_predict.tif",0.982493668440683,"x"
"20220526_y200_d5mi10s_011_D3D_3DALIGN_predictc010_predict.tif",0.242655297291707,"x"
"20220526_y200_d5mi10s_011_D3D_3DALIGN_predictc012_predict.tif",1,"x"
"20220526_y200_d5mi10s_011_D3D_3DALIGN_predictc012_predict.tif",0.914398949041947,"x"
"20220526_y200_d5mi10s_011_D3D_3DALIGN_predictc012_predict.tif",0,"x"
"20220526_y200_d5mi10s_011_D3D_3DALIGN_predictc012_predict.tif",0.510674930664867,"x"
"20220526_y200_d5mi10s_011_D3D_3DALIGN_predictc012_predict.tif",0.252110958262283,"x"
"20220526_y200_d5mi10s_011_D3D_3DALIGN_predictc012_predict.tif",0.18438891033371,"x"
"20220526_y200_d5mi10s_011_D3D_3DALIGN_predictc012_predict.tif",0.711961071974083,"x"
"20220526_y200_d5mi10s_011_D3D_3DALIGN_predictc012_predict.tif",0.882812086878944,"x"
"20220526_y200_d5mi10s_011_D3D_3DALIGN_predictc012_predict.tif",0.271297146923354,"x"
"20220526_y200_d5mi10s_011_D3D_3DALIGN_predictc014_predict.tif",0.329367527691281,"x"
"20220526_y200_d5mi10s_011_D3D_3DALIGN_predictc014_predict.tif",0.196303183278042,"x"
"20220526_y200_d5mi10s_012_D3D_3DALIGN_predictc005_predict.tif",0.761723157354477,"x"
"20220526_y200_d5mi10s_012_D3D_3DALIGN_predictc005_predict.tif",0.507029011355021,"x"
"20220526_y200_d5mi10s_012_D3D_3DALIGN_predictc005_predict.tif",1,"x"
"20220526_y200_d5mi10s_012_D3D_3DALIGN_predictc005_predict.tif",0.738181094934337,"x"
"20220526_y200_d5mi10s_012_D3D_3DALIGN_predictc005_predict.tif",0.446615717975331,"x"
"20220526_y200_d5mi10s_012_D3D_3DALIGN_predictc005_predict.tif",0.265895073524458,"x"
"20220526_y200_d5mi10s_012_D3D_3DALIGN_predictc005_predict.tif",0,"x"
"20220526_y200_d5mi10s_012_D3D_3DALIGN_predictc006_predict.tif",0.467969345526407,"x"
"20220526_y200_d5mi10s_013_D3D_3DALIGN_predictc004_predict.tif",0.613396551223177,"x"
"20220526_y200_d5mi10s_013_D3D_3DALIGN_predictc004_predict.tif",0.0289684958723962,"x"
"20220526_y200_d5mi10s_013_D3D_3DALIGN_predictc007_predict.tif",0,"x"
"20220526_y200_d5mi10s_013_D3D_3DALIGN_predictc007_predict.tif",0.973372778099493,"x"
"20220526_y200_d5mi10s_013_D3D_3DALIGN_predictc007_predict.tif",0.87557152435233,"x"
"20220526_y200_d5mi10s_013_D3D_3DALIGN_predictc012_predict.tif",0.789276644871299,"x"
"20220526_y200_d5mi10s_013_D3D_3DALIGN_predictc012_predict.tif",0.868746187197224,"x"
"20220526_y200_d5mi10s_013_D3D_3DALIGN_predictc017_predict.tif",0.693620129240226,"x"
"20220526_y200_d5mi10s_013_D3D_3DALIGN_predictc017_predict.tif",0.974282287297757,"x"
"20220526_y200_d5mi10s_013_D3D_3DALIGN_predictc017_predict.tif",0.26477005059712,"x"
"20220526_y200_d5mi10s_013_D3D_3DALIGN_predictc017_predict.tif",0,"x"
"20220526_y200_d5mi10s_013_D3D_3DALIGN_predictc017_predict.tif",0.0831237210370059,"x"
"20220526_y200_d5mi10s_013_D3D_3DALIGN_predictc020_predict.tif",0.366040930326847,"x"
"20220526_y200_d5mi10s_013_D3D_3DALIGN_predictc020_predict.tif",0.561158235225119,"x"
"20220526_y200_d5mi10s_013_D3D_3DALIGN_predictc021_predict.tif",0.97744551351926,"x"
"20220526_y200_d5mi10s_013_D3D_3DALIGN_predictc021_predict.tif",0.0863448286059493,"x"
"20220526_y200_d5mi10s_013_D3D_3DALIGN_predictc021_predict.tif",0.364093320629117,"x"
"20220526_y200_d5mi10s_013_D3D_3DALIGN_predictc024_predict.tif",0.419977595662638,"x"
"20220526_y200_d5mi10s_013_D3D_3DALIGN_predictc024_predict.tif",0.14434927266276,"x"
"20220526_y200_d5mi10s_013_D3D_3DALIGN_predictc025_predict.tif",0.906706778258514,"x"
"20220526_y200_d5mi10s_013_D3D_3DALIGN_predictc025_predict.tif",0.846955814872591,"x"
"20220526_y200_d5mi10s_013_D3D_3DALIGN_predictc025_predict.tif",0.767255846155149,"x"
"20220526_y200_d5mi10s_013_D3D_3DALIGN_predictc025_predict.tif",0.75252689928733,"x"
"20220526_y200_d5mi10s_013_D3D_3DALIGN_predictc025_predict.tif",0.134423358631927,"x"
"20220526_y200_d5mi10s_013_D3D_3DALIGN_predictc025_predict.tif",0.844252477692568,"x"
"20220526_y200_d5mi10s_013_D3D_3DALIGN_predictc026_predict.tif",0.691970370766598,"x"
"20220526_y200_d5mi10s_013_D3D_3DALIGN_predictc026_predict.tif",0.872386383530338,"x"
"20220526_y200_d5mi10s_013_D3D_3DALIGN_predictc026_predict.tif",0.856731909656947,"x"
"20220526_y200_d5mi10s_014_D3D_3DALIGN_predictc001_predict.tif",0.575784730156697,"x"
"20220526_y200_d5mi10s_014_D3D_3DALIGN_predictc001_predict.tif",0.887873618238148,"x"
"20220526_y200_d5mi10s_014_D3D_3DALIGN_predictc001_predict.tif",0.680148514470709,"x"
"20220526_y200_d5mi10s_014_D3D_3DALIGN_predictc002_predict.tif",0.462534178811754,"x"
"20220526_y200_d5mi10s_014_D3D_3DALIGN_predictc005_predict.tif",0.216119211548219,"x"
"20220526_y200_d5mi10s_014_D3D_3DALIGN_predictc005_predict.tif",0.740491833419581,"x"
"20220526_y200_d5mi10s_014_D3D_3DALIGN_predictc007_predict.tif",0.867211542996975,"x"
"20220526_y200_d5mi10s_014_D3D_3DALIGN_predictc007_predict.tif",0.865002294122105,"x"
"20220526_y200_d5mi10s_014_D3D_3DALIGN_predictc007_predict.tif",0.730248883978275,"x"
"20220526_y200_d5mi10s_014_D3D_3DALIGN_predictc007_predict.tif",0,"x"
"20220526_y200_d5mi10s_014_D3D_3DALIGN_predictc007_predict.tif",0,"x"
"20220526_y200_d5mi10s_014_D3D_3DALIGN_predictc015_predict.tif",0.152795386734534,"x"
"20220526_y200_d5mi10s_014_D3D_3DALIGN_predictc015_predict.tif",0.945984235348005,"x"
"20220526_y200_d5mi10s_014_D3D_3DALIGN_predictc015_predict.tif",0.151456147670566,"x"
"20220526_y200_d5mi10s_014_D3D_3DALIGN_predictc015_predict.tif",0.0194485572831582,"x"
"20220526_y200_d5mi10s_014_D3D_3DALIGN_predictc015_predict.tif",0.438834355533573,"x"
"20220526_y200_d5mi10s_014_D3D_3DALIGN_predictc015_predict.tif",0.80578083446967,"x"
"20220526_y200_d5mi10s_014_D3D_3DALIGN_predictc016_predict.tif",0.167367342687311,"x"
"20220526_y200_d5mi10s_014_D3D_3DALIGN_predictc016_predict.tif",0.356857469777867,"x"
"20220526_y200_d5mi10s_014_D3D_3DALIGN_predictc016_predict.tif",0.345222198601669,"x"
"20220526_y200_d5mi10s_014_D3D_3DALIGN_predictc016_predict.tif",0.849229936301522,"x"
"20220526_y200_d5mi10s_014_D3D_3DALIGN_predictc016_predict.tif",0.0844139491359096,"x"
"20220526_y200_d5mi10s_015_D3D_3DALIGN_predictc004_predict.tif",0.537475971141533,"x"
"20220526_y200_d5mi10s_015_D3D_3DALIGN_predictc006_predict.tif",0.290086870360696,"x"
"20220526_y200_d5mi10s_015_D3D_3DALIGN_predictc006_predict.tif",0.194010111103178,"x"
"20220526_y200_d5mi10s_015_D3D_3DALIGN_predictc006_predict.tif",0.40199552318736,"x"
"20220526_y200_d5mi10s_015_D3D_3DALIGN_predictc007_predict.tif",0.651249927436057,"x"
"20220526_y200_d5mi10s_015_D3D_3DALIGN_predictc007_predict.tif",0,"x"
"20220526_y200_d5mi10s_015_D3D_3DALIGN_predictc014_predict.tif",0.251840004732837,"x"
"20220526_y200_d5mi10s_015_D3D_3DALIGN_predictc014_predict.tif",0.395720428924756,"x"
"20220526_y200_d5mi10s_015_D3D_3DALIGN_predictc014_predict.tif",0.435422763362343,"x"
"20220526_y200_d5mi10s_015_D3D_3DALIGN_predictc014_predict.tif",0.36451720064066,"x"
"20220526_y200_d5mi10s_015_D3D_3DALIGN_predictc014_predict.tif",0.344625267957522,"x"
"20220526_y200_d5mi10s_015_D3D_3DALIGN_predictc014_predict.tif",0.241214513080927,"x"
"20220526_y200_d5mi10s_015_D3D_3DALIGN_predictc014_predict.tif",0.246206168919359,"x"
"20220526_y200_d5mi10s_015_D3D_3DALIGN_predictc017_predict.tif",0.907167495027367,"x"
"20220526_y200_d5mi10s_015_D3D_3DALIGN_predictc017_predict.tif",0.487065114552162,"x"
"20220526_y200_d5mi10s_015_D3D_3DALIGN_predictc017_predict.tif",0.793289857233831,"x"
"20220526_y200_d5mi10s_015_D3D_3DALIGN_predictc017_predict.tif",0.790696093227032,"x"
"20220526_y200_d5mi10s_016_D3D_3DALIGN_predictc000_predict.tif",0,"x"
"20220526_y200_d5mi10s_016_D3D_3DALIGN_predictc006_predict.tif",0.432316851878475,"x"
"20220526_y200_d5mi10s_016_D3D_3DALIGN_predictc009_predict.tif",0.248552581643306,"x"
"20220526_y200_d5mi10s_016_D3D_3DALIGN_predictc009_predict.tif",0,"x"
"20220526_y200_d5mi10s_016_D3D_3DALIGN_predictc009_predict.tif",0.601960383418936,"x"
"20220526_y200_d5mi10s_016_D3D_3DALIGN_predictc009_predict.tif",0.899062005761147,"x"
"20220526_y200_d5mi10s_016_D3D_3DALIGN_predictc009_predict.tif",0,"x"
"20220526_y200_d5mi10s_016_D3D_3DALIGN_predictc015_predict.tif",0.0695798379919697,"x"
"20220526_y200_d5mi10s_016_D3D_3DALIGN_predictc015_predict.tif",0.752181607013226,"x"
"20220526_y200_d5mi10s_017_D3D_3DALIGN_predictc000_predict.tif",0,"x"
"20220526_y200_d5mi10s_017_D3D_3DALIGN_predictc000_predict.tif",0.667869683328918,"x"
"20220526_y200_d5mi10s_017_D3D_3DALIGN_predictc000_predict.tif",0.0440027370857694,"x"
"20220526_y200_d5mi10s_017_D3D_3DALIGN_predictc000_predict.tif",0.727415953113277,"x"
"20220526_y200_d5mi10s_017_D3D_3DALIGN_predictc000_predict.tif",0.52041845295806,"x"
"20220526_y200_d5mi10s_017_D3D_3DALIGN_predictc001_predict.tif",0.716683235917686,"x"
"20220526_y200_d5mi10s_017_D3D_3DALIGN_predictc001_predict.tif",0.69632513454641,"x"
"20220526_y200_d5mi10s_017_D3D_3DALIGN_predictc001_predict.tif",0.291296207622088,"x"
"20220526_y200_d5mi10s_017_D3D_3DALIGN_predictc001_predict.tif",0.587916827994237,"x"
"20220526_y200_d5mi10s_017_D3D_3DALIGN_predictc001_predict.tif",0.209350944663184,"x"
"20220526_y200_d5mi10s_017_D3D_3DALIGN_predictc003_predict.tif",0.223515057987723,"x"
"20220526_y200_d5mi10s_017_D3D_3DALIGN_predictc003_predict.tif",0.825215826441439,"x"
"20220526_y200_d5mi10s_017_D3D_3DALIGN_predictc003_predict.tif",0.0528636130322171,"x"
"20220526_y200_d5mi10s_017_D3D_3DALIGN_predictc003_predict.tif",0.17864745407036,"x"
"20220526_y200_d5mi10s_017_D3D_3DALIGN_predictc003_predict.tif",0.506492928981712,"x"
"20220526_y200_d5mi10s_017_D3D_3DALIGN_predictc005_predict.tif",0.36030894710786,"x"
"20220526_y200_d5mi10s_017_D3D_3DALIGN_predictc005_predict.tif",0.974282287297757,"x"
"20220526_y200_d5mi10s_017_D3D_3DALIGN_predictc006_predict.tif",0.679732949415624,"x"
"20220526_y200_d5mi10s_017_D3D_3DALIGN_predictc008_predict.tif",0.631662737589128,"x"
"20220526_y200_d5mi10s_017_D3D_3DALIGN_predictc008_predict.tif",0.368633415266161,"x"
"20220526_y200_d5mi10s_019_D3D_3DALIGN_predictc004_predict.tif",0.735311204484077,"x"
"20220526_y200_d5mi10s_019_D3D_3DALIGN_predictc004_predict.tif",0.210066852641231,"x"
"20220526_y200_d5mi10s_019_D3D_3DALIGN_predictc005_predict.tif",0.334724120050329,"x"
"20220526_y200_d5mi10s_019_D3D_3DALIGN_predictc005_predict.tif",0.201369330240688,"x"
"20220526_y200_d5mi10s_019_D3D_3DALIGN_predictc007_predict.tif",0.402637516772887,"x"
"20220526_y200_d5mi10s_019_D3D_3DALIGN_predictc007_predict.tif",0.716239353929327,"x"
"20220526_y200_d5mi10s_019_D3D_3DALIGN_predictc009_predict.tif",0.330092887758589,"x"
"20220526_y200_d5mi10s_019_D3D_3DALIGN_predictc009_predict.tif",0.68005279474211,"x"
"20220526_y200_d5mi10s_019_D3D_3DALIGN_predictc009_predict.tif",0.36605454843447,"x"
"20220526_y200_d5mi10s_019_D3D_3DALIGN_predictc009_predict.tif",0.240877993808284,"x"
"20220526_y200_d5mi10s_019_D3D_3DALIGN_predictc009_predict.tif",0.386544100071392,"x"
"20220526_y200_d5mi10s_019_D3D_3DALIGN_predictc012_predict.tif",1,"x"
"20220526_y200_d5mi10s_019_D3D_3DALIGN_predictc012_predict.tif",0.41682285477924,"x"
"20220526_y200_d5mi10s_019_D3D_3DALIGN_predictc016_predict.tif",0.691422682247005,"x"
"20220526_y200_d5mi10s_019_D3D_3DALIGN_predictc016_predict.tif",0.733924812862929,"x"
"20220606_y200_d5mi10s_000_D3D_3DALIGN_predictc006_predict.tif",1,"x"
"20220606_y200_d5mi10s_000_D3D_3DALIGN_predictc009_predict.tif",0.14346016036172,"x"
"20220606_y200_d5mi10s_000_D3D_3DALIGN_predictc009_predict.tif",0.368791255226608,"x"
"20220606_y200_d5mi10s_000_D3D_3DALIGN_predictc011_predict.tif",0,"x"
"20220606_y200_d5mi10s_000_D3D_3DALIGN_predictc011_predict.tif",1,"x"
"20220606_y200_d5mi10s_000_D3D_3DALIGN_predictc011_predict.tif",0.3798103726387,"x"
"20220606_y200_d5mi10s_000_D3D_3DALIGN_predictc011_predict.tif",0.388358669211478,"x"
"20220606_y200_d5mi10s_000_D3D_3DALIGN_predictc011_predict.tif",1,"x"
"20220606_y200_d5mi10s_000_D3D_3DALIGN_predictc013_predict.tif",0.0109498836055551,"x"
"20220606_y200_d5mi10s_000_D3D_3DALIGN_predictc013_predict.tif",0.0399815980029933,"x"
"20220606_y200_d5mi10s_000_D3D_3DALIGN_predictc014_predict.tif",0.802155143913959,"x"
"20220606_y200_d5mi10s_000_D3D_3DALIGN_predictc014_predict.tif",0.698324562263286,"x"
"20220606_y200_d5mi10s_000_D3D_3DALIGN_predictc014_predict.tif",0.830724506834935,"x"
"20220606_y200_d5mi10s_000_D3D_3DALIGN_predictc014_predict.tif",0.751503860088786,"x"
"20220606_y200_d5mi10s_000_D3D_3DALIGN_predictc016_predict.tif",0.778291718683349,"x"
"20220606_y200_d5mi10s_000_D3D_3DALIGN_predictc016_predict.tif",0.723401474799675,"x"
"20220606_y200_d5mi10s_000_D3D_3DALIGN_predictc016_predict.tif",0.38816185095976,"x"
"20220606_y200_d5mi10s_000_D3D_3DALIGN_predictc018_predict.tif",0.135188279978992,"x"
"20220606_y200_d5mi10s_000_D3D_3DALIGN_predictc018_predict.tif",0.61506636439873,"x"
"20220606_y200_d5mi10s_000_D3D_3DALIGN_predictc018_predict.tif",1,"x"
"20220606_y200_d5mi10s_001_D3D_3DALIGN_predictc001_predict.tif",0.810914348235786,"x"
"20220606_y200_d5mi10s_001_D3D_3DALIGN_predictc002_predict.tif",0,"x"
"20220606_y200_d5mi10s_001_D3D_3DALIGN_predictc002_predict.tif",0.667495072207103,"x"
"20220606_y200_d5mi10s_001_D3D_3DALIGN_predictc002_predict.tif",0.765088078910694,"x"
"20220606_y200_d5mi10s_001_D3D_3DALIGN_predictc002_predict.tif",0.284948284526497,"x"
"20220606_y200_d5mi10s_001_D3D_3DALIGN_predictc002_predict.tif",0.445262752484328,"x"
"20220606_y200_d5mi10s_001_D3D_3DALIGN_predictc002_predict.tif",0.129352304739754,"x"
"20220606_y200_d5mi10s_001_D3D_3DALIGN_predictc002_predict.tif",1,"x"
"20220606_y200_d5mi10s_001_D3D_3DALIGN_predictc002_predict.tif",0.518073467057373,"x"
"20220606_y200_d5mi10s_001_D3D_3DALIGN_predictc004_predict.tif",0.199505954533501,"x"
"20220606_y200_d5mi10s_001_D3D_3DALIGN_predictc004_predict.tif",0.466702003506043,"x"
"20220606_y200_d5mi10s_001_D3D_3DALIGN_predictc004_predict.tif",0.651591265427685,"x"
"20220606_y200_d5mi10s_001_D3D_3DALIGN_predictc004_predict.tif",0.761314764215411,"x"
"20220606_y200_d5mi10s_001_D3D_3DALIGN_predictc004_predict.tif",0.211349143223371,"x"
"20220606_y200_d5mi10s_001_D3D_3DALIGN_predictc006_predict.tif",0.0792451467655546,"x"
"20220606_y200_d5mi10s_001_D3D_3DALIGN_predictc008_predict.tif",0.143185674269355,"x"
"20220606_y200_d5mi10s_001_D3D_3DALIGN_predictc008_predict.tif",0.42065019767644,"x"
"20220606_y200_d5mi10s_001_D3D_3DALIGN_predictc012_predict.tif",0.973127815756579,"x"
"20220606_y200_d5mi10s_001_D3D_3DALIGN_predictc012_predict.tif",0.713178619888696,"x"
"20220606_y200_d5mi10s_001_D3D_3DALIGN_predictc012_predict.tif",0.55694002880263,"x"
"20220606_y200_d5mi10s_001_D3D_3DALIGN_predictc012_predict.tif",0.34578895761543,"x"
"20220606_y200_d5mi10s_001_D3D_3DALIGN_predictc012_predict.tif",0.654720650872055,"x"
"20220606_y200_d5mi10s_001_D3D_3DALIGN_predictc012_predict.tif",0.4294565742045,"x"
"20220606_y200_d5mi10s_001_D3D_3DALIGN_predictc013_predict.tif",0.571924503640177,"x"
"20220606_y200_d5mi10s_001_D3D_3DALIGN_predictc013_predict.tif",0.8357062668438,"x"
"20220606_y200_d5mi10s_001_D3D_3DALIGN_predictc013_predict.tif",0.663121330941785,"x"
"20220606_y200_d5mi10s_001_D3D_3DALIGN_predictc013_predict.tif",0.485048881026084,"x"
"20220606_y200_d5mi10s_001_D3D_3DALIGN_predictc014_predict.tif",0.497537649298085,"x"
"20220606_y200_d5mi10s_001_D3D_3DALIGN_predictc014_predict.tif",0.941016792418382,"x"
"20220606_y200_d5mi10s_001_D3D_3DALIGN_predictc014_predict.tif",0.526507302100872,"x"
"20220606_y200_d5mi10s_001_D3D_3DALIGN_predictc014_predict.tif",0,"x"
"20220606_y200_d5mi10s_001_D3D_3DALIGN_predictc014_predict.tif",0.893637921141414,"x"
"20220606_y200_d5mi10s_001_D3D_3DALIGN_predictc016_predict.tif",0.364252216794583,"x"
"20220606_y200_d5mi10s_001_D3D_3DALIGN_predictc016_predict.tif",0.309340767472692,"x"
"20220606_y200_d5mi10s_001_D3D_3DALIGN_predictc016_predict.tif",0.63998393846812,"x"
